run_id,fold_id,level,n_pos,n_neg,pos_rate
20260119_024933,overall,overall,24825,282682,0.08072986956394489
20260119_024933,1,fold,5042,56460,0.08198107378621833
20260119_024933,2,fold,4994,56508,0.08120061136223213
20260119_024933,3,fold,4846,56655,0.07879546674037821
20260119_024933,4,fold,4975,56526,0.08089299360986
20260119_024933,5,fold,4968,56533,0.08077917432236874
